,tweet,date,Same day stock closing price,Next day stock open price,Daily change
0,"['gamespot', 'with', 'cyberpunk', 'even', 'hotfixes', 'literally', 'hotfixes', 'great', 'game', 'http', 'co', 'a6kmk0pegm', 'documentingbtc', 'the', 'dollar', 'short', 'westcoastbill', 'indeed', 'johnnacrider1', 'iupsychdoctor', 'aoc', 'robinhoodapp', 'shopify', 'great', 'spacex', 'use', 'ohqwix', 'bnnj6bcghvzqxlb', 'wimgrommen', 'wsbchairman', 'indeed', 'the', 'economy', 'make', 'useful', 'product', 'amp', 'provide', 'great', 'service', 'actually', 'matter', 'iupsychdoctor', 'aoc', 'robinhoodapp', 'tanstaafl', 'would', 'better', 'small', 'fee', 'fee', 'latter', 'make', 'robinhood', 'beholden', 'big', 'trading', 'house', 'get', 'pay', 'bill', 'somehow', 'even', 'etsy', 'fee', 'here', 'come', 'shorty', 'apologist', 'give', 'respect', 'get', 'shorty']",2021-01-28,835.43,830.0,-0.65%
1,"['it', 'fill', 'graffiti', 'art', 'eiraum', 'giga', 'berlin', 'progress', 'http', 'co', 'ekpg5qcbui', 'hamoon', 'neuralink', 'neuralink', 'work', 'super', 'hard', 'ensure', 'implant', 'safety', 'amp', 'close', 'communication', 'fda', 'if', 'thing', 'go', 'well', 'might', 'able', 'initial', 'human', 'trial', 'later', 'year']",2021-02-01,839.81,844.68,0.58%
2,"['brendan2908', 'nasaspaceflight', 'yes', 'mikko', 'darudevil', 'it', 'true', 'josh', 'bickett', 'ajtourville', 'erdayastronaut', 'spacex', 'yeah', 'by', 'default', 'engine', 'least', 'lever', 'arm', 'would', 'shut', '3', 'good', 'ajtourville', 'erdayastronaut', 'spacex', 'yes', 'engine', 'min', 'throttle', 'point', 'flameout', 'risk', 'land', '3', 'engine', 'mean', 'high', 'thrust', 'weight', 'away', 'hover', 'point', 'also', 'risky', 'adamklotz', 'erdayastronaut', 'spacex', 'yes', 'erdayastronaut', 'spacex', 'it', 'foolish', 'u', 'start', '3', 'engine', 'amp', 'immediately', 'shut', '1', '2', 'need', 'land']",2021-02-04,849.99,845.0,-0.59%
3,"['the', 'entertaining', 'outcome', 'likely', 'givedirectly', 'just', 'send', 'just', 'agree', 'clubhouse', 'kanyewest', 'http', 'co', '3rwe9uhsts', 'geoffkeighley', 'unrealengine', 'it', 'get', 'real']",2021-02-10,804.82,812.44,0.95%
4,"['joerogan', 'spotify', 'great', 'interview', 'gtera27', 'doge', 'underestimate', 'teslacn', 'congratulation', 'tesla', 'china', 'amazing', 'execution', 'last', 'year', 'now', 'next', 'even', 'happy', 'new', 'year', 'ox', 'https', 'co', '9wfkmyu2oj']",2021-02-11,811.66,801.26,-1.28%
5,"['tesla', 'cover', 'snow', 'amp', 'ice', 'road', 'mostly', 'close', 'amp', 'power', 'austin', 'cz', 'binance', 'mansourshahrokh', 'there', 'definitely', 'marscoin', 'itsallrisky', 'sound', 'like']",2021-02-16,796.22,779.09,-2.15%
6,"['teslarati', 'spacex', 'south', 'texas', 'amp', 'tesla', 'central', 'provide', 'direct', 'assistance', 'feasible', 'eg', 'save', 'cold', 'turtle', 'amp', 'help', 'power', 'water', 'treatment', 'plant', 'please', 'let', 'u', 'know', 'may', 'helpful', 'way']",2021-02-18,787.38,795.0,0.97%
7,"['jgrano305', 'austinteslaclub', 'we', 'much', 'product', 'complexity', 'already', 'techamazing', 'univercurious', 'tunnel', 'jantiewillie', 'adamklotz', 'austinteslaclub', 'hopefully', 'later', 'year', 'adamklotz', 'austinteslaclub', 'late', 'year', 'jgrano305', 'austinteslaclub', 'it', 'still', 'available', 'menu', 'i', 'think', 'range', 'many', 'drive', 'condition', 'yet', 'meet', 'tesla', 'standard', 'excellence', 'austinteslaclub', 'the', 'tesla', 'solar', 'roof', 'slightly', 'hydrophobic', 'water', 'snow', 'ice', 'slide', 'easily']",2021-02-22,714.5,662.13,-7.33%
8,"['jeff', 'foust', 'rocket', 'ridiculously', 'hard', 'sigh']",2021-02-24,742.02,726.15,-2.14%
9,"['http', 'co', 'bbwntndvoi', 'chicago', 'glenn', 'rationaletienne', 'skorusark', 'we', 'use', 'catapult', 'amp', 'air', 'mattress', 'land', 'roof', 'base', 'jump', 'rationaletienne', 'skorusark', 'nickel', 'big', 'concern', 'scale', 'lithium', 'ion', 'cell', 'production', 'that', 'shift', 'standard', 'range', 'car', 'iron', 'cathode', 'plenty', 'iron', 'lithium', 'harsimranbansal', 'skorusark', 'absolutely', 'memesofmars', 'skorusark', 'fremont', 'shut', 'two', 'day', 'part', 'shortage', 'amp', 'restart', 'yesterday', 'skorusark', 'this', 'win', 'anyone', 'we', 'production', 'limit', 'the', 'reason', 'make', 'cell', 'supplement', 'max', 'production', 'supplier', 'even', 'move', 'full', 'speed', 'can', 'not', 'build', 'enough', 'cell', 'rationaletienne', 'i', 'hope', 'it', 'would', 'awesome', 'rjdlandscapes', 'tesla', 'price', 'u', 'good', 'include', 'vat', 'usually', 'include', 'country', 'then', 'import', 'duty', 'amp', 'transport', 'cost', 'the', 'intent', 'revenue', 'tesla', 'roughly', 'similar', 'country', 'tax', 'tariff', 'amp', 'transport', 'make', 'difference']",2021-02-25,682.22,700.0,2.61%
10,"['wholemarsblog', 'note', 'buying', 'fsd', 'still', 'well', 'long', 'term', 'deal', 'subscription', 'wholemarsblog', 'q2', 'sure', 'green', 'egg', 'amp', 'spac', 'totalspace360', 'look', 'familiar', 'haha', 'nonetheless', 'right', 'move', 'congrats', 'rocket', 'lab', 'wholemarsblog', 'tesla', 'china', 'team', 'rock', 'doge', 'meme', 'shield', 'legendary', 'item', 'https', 'co', 'ceomu9q84c', 'new', 'drug', 'come', 'call', 'regretamine', 'pop', 'one', 'amp', 'regret', 'go', 'always', 'wonder', 'exactly', 'game', 'character', 'keep', 'stuff', 'https', 'co', 'nnk2mefgjf', 'thesheetztweetz', 'ahem']",2021-03-01,718.43,718.28,-0.02%
11,"['adamklotz', 'spacex', 'space', 'from', 'thence', 'mar', 'and', 'hence', 'star', 'nextspaceflight', 'nasaspaceflight', 'an', 'area', 'much', 'large', 'boca', 'chica', 'wootieztv', 'very', 'much', 'amp', 'leader', 'shall', 'the', 'doge', 'http', 'co', 'vxmuw5c0y9', 'create', 'city', 'starbase', 'texas', 'pslavi', 'cool', 'teslaownerssv', 'yup', 'horse', 'even', 'self', 'drive', 'http', 'co', 'qpjrcfgs8j', 'scammer', 'amp', 'crypto', 'get', 'room']",2021-03-02,686.44,687.99,0.23%
12,"['launch', 'abort', 'slightly', 'conservative', 'high', 'thrust', 'limit', 'increase', 'thrust', 'limit', 'amp', 'recycle', 'propellant', 'another', 'flight', 'attempt', 'today', '5', 'min', 'starship', 'test', 'flight', 'attempt']",2021-03-03,653.2,655.8,0.40%
13,"['renatakonkoly', 'skorusark', 'skorusark', 'tesla', 'amp', 'ford', 'american', 'carmaker', 'go', 'bankrupt', '1000', 'car', 'startup', 'prototypes', 'easy', 'production', 'hard', 'amp', 'cash', 'flow', 'positive', 'excruciating']",2021-03-04,621.44,626.06,0.74%
14,"['thesheetztweetz', 'not', 'connect', 'tesla', 'car', 'starlink', 'terminal', 'much', 'big', 'this', 'aircraft', 'ship', 'large', 'truck', 'amp', 'rv']",2021-03-08,563.0,608.18,8.02%
15,"['astro', 'soichi', 'nasaspaceflight', 'fair', 'point', 'if', 'autogenous', 'pressurization', 'use', 'ch4', 'bubble', 'would', 'likely', 'revert', 'liquid', 'helium', 'header', 'use', 'prevent', 'ullage', 'collapse', 'slosh', 'happen', 'prior', 'flight', 'my', 'fault', 'approve', 'sound', 'good', 'time', 'austinbarnard45', 'sn10', 'engine', 'low', 'thrust', 'due', 'probably', 'partial', 'helium', 'ingestion', 'fuel', 'header', 'tank', 'impact', '10m', 'crush', 'leg', 'amp', 'part', 'skirt', 'multiple', 'fixes', 'work', 'sn11']",2021-03-09,673.58,700.3,3.97%
16,"['beeple', '420m', 'doge', 'i', 'selling', 'song', 'nfts', 'nft', 'https', 'co', 'b4ezllespx']",2021-03-15,707.94,703.35,-0.65%
17,"['actually', 'feel', 'quite', 'right', 'selling', 'will', 'pass']",2021-03-16,676.88,656.87,-2.96%
18,"['tobyliiiiiiiiii', 'we', 'need', 'launch', 'tower', 'hook', 'height', 'lift', '140', 'amp', 'booster', 'amp', 'ship', 'need', 'stabilize', 'stage', 'separation', 'joint', 'erdayastronaut', 'yes', 'booster', '1', 'production', 'pathfinder', 'figure', 'build', 'amp', 'transport', '70', 'meter', 'tall', 'stage', 'booster', '2', 'fly', 'first', 'super', 'heavy', 'booster', 'https', 'co', '0k5qpsebbt', 'lexfridman', 'sometimes', 'doge', 'lexfridman', 'haha']",2021-03-18,653.16,646.6,-1.00%
19,"['blockfolio', 'evafoxu', 'wow', 'shame', 'zdf', 'info']",2021-03-24,630.27,613.0,-2.74%
20,"['theonion', 'shame', 'onion', 'this', 'people', 'switch', 'thebabylonbee', 'howlpolitically', 'theonion', '2', '2', 'my', 'father', 'amp', 'extend', 'family', 'dependent', 'financial', 'support', 'brother', 'amp', '20', 'year', 'this', 'article', 'actually', 'accurate', 'http', 'co', 'evpcx9v1nb', 'howlpolitically', 'theonion', '1', '2', 'this', 'article', 'false', 'i', 'arrive', 'canada', '89', 'ca', '2500', 'pay', 'way', 'college', 'end', '100k', 'student', 'debt', 'start', '1st', 'company', 'funding', 'amp', 'one', 'computer', 'i', 'build', 'there', 'evidence', 'whatsoever', 'emerald', 'mine']",2021-03-25,640.39,641.87,0.23%
21,"['wapodavenport', 'that', 'would', 'great', 'possibly', 'via', 'video', 'full', 'access', 'telemetry']",2021-03-29,611.29,601.75,-1.56%
22,"['jdeshetler', 'nasaspaceflight', 'spacex', 'bocachicagal', 'can', 'little', 'foggy', 'sometimes', 'erdayastronaut', 'labpadre', 'barely', 'scratch', 'back', 'stand', 'soon', 'will', 'report', 'conclusion', 'soon', 'know']",2021-03-30,635.62,646.62,1.73%
23,"['lexfridman', 'true', 'over', '10', '000', 'people', 'need', 'giga', 'texas', '2022', '5', 'min', 'airport', '15', 'min', 'downtown', 'right', 'colorado', 'river', 'http', 'co', 'w454ixedxb']",2021-03-31,667.93,688.37,3.06%
24,"['tank', 'memery', 'panzer', 'lake']",2021-04-06,691.62,687.0,-0.67%
25,"['markjam93765764', 'ivanescobosa', 'a', 'tidal', 'wave', 'vaccine', 'produce', 'jgrano305', 'probably', 'j', 'amp', 'j', 'biontech', 'amp', 'moderna', 'good', 'some', 'debate', 'imo', 'whether', 'second', 'synthetic', 'mrna', 'shot', 'really', 'need', 'first', 'brainer', 'ivanescobosa', 'latter', 'to', 'clear', 'i', 'support', 'vaccine', 'general', 'amp', 'covid', 'vaccine', 'specifically', 'the', 'science', 'unequivocal', 'in', 'rare', 'case', 'allergic', 'reaction', 'easily', 'address', 'epipen', 'davidwillissls', 'jevis', 'ppathole', 'need', 'legs', 'moon', 'amp', 'mar', 'sciguyspace', 'global', 'payload', 'orbit', 'key', 'metric', 'julius', 'burton', 'erdayastronaut', 'djsnm', 'nasaspaceflight', 'chrisg', 'nsf', 'thejackbeyer', 'felixschlang', 'nice', 'jevis', 'ppathole', 'ideal', 'scenario', 'imo', 'catch', 'starship', 'horizontal', 'glide', 'land', 'burn', 'although', 'quite', 'challenge', 'tower', 'next', 'best', 'catch', 'tower', 'emergency', 'pad', 'land', 'mode', 'skirt', 'legs', 'ppathole', 'starship', 'booster', 'large', 'fly', 'object', 'ever', 'design', 'caught', 'sky', 'launch', 'tower', 'big', 'step', 'forward', 'reflight', 'do', 'hour', 'wholemarsblog', 'well', 'write', 'fair', 'much', 'like', 'article', 'space']",2021-04-07,670.97,677.38,0.96%
26,"['dogeofficialceo', 'watcherstank', 'spacex', 'look', 'pup', 'soon', 'jordanxmajel', 'watcherstank', 'spacex', 'shock', 'absorption', 'build', 'tower', 'arm', 'since', 'tower', 'ground', 'side', 'use', 'lot', 'mass', 'arrest', 'booster', 'downward', 'momentum', 'jordanxmajel', 'watcherstank', 'spacex', 'load', 'point', 'grid', 'fin', 'watcherstank', 'spacex', 'just', 'one', 'skyscraper', 'catch', 'another', 'nbd', 'haha']",2021-04-08,683.8,677.77,-0.88%
27,"['thanks', 'nbcsnl', 'cast', 'writer', 'amp', 'crew', 'honor', 'amp', 'pleasure', 'show', 'mileycyrus', 'grimezsz']",2021-05-10,629.04,599.24,-4.74%
28,"['tesmanian', 'com', 'geil']",2021-05-11,617.2,602.49,-2.38%
29,"['tesla', 'amp', 'bitcoin', 'http', 'co', 'ysswjmvzhp', 'wholemarsblog', 'haha', 'blockfolio']",2021-05-12,589.89,601.54,1.97%
30,"['a', 'always', 'https', 'co', 'gtfmtokzez', 'spacenews', 'inc', 'googlecloud', 'locating', 'ground', 'station', 'data', 'center', 'significantly', 'improve', 'latency', 'amp', 'jitter', 'data', 'go', 'user', 'terminal', 'server', 'without', 'touch', 'internet', 'work', 'doge', 'devs', 'improve', 'system', 'transaction', 'efficiency', 'potentially', 'promising', 'id', 'aa', 'carmack', 'i', 'lot', 'respect', 'anyone', 'ship', 'useful', 'product', 'scale', 'it', 'insanely', 'hard', 'work', 'to', 'clear', 'i', 'strongly', 'believe', 'crypto', 'drive', 'massive', 'increase', 'fossil', 'fuel', 'use', 'especially', 'coal', 'it', 'high', 'time', 'carbon', 'tax', 'michael', 'saylor', 'http', 'co', 'f5omtcfecp', 'http', 'co', 'wupebgfhzg', 'http', 'co', 'gxmhgzb5ki']",2021-05-13,571.69,583.41,2.05%
31,"['senbillnelson', 'i', 'would', 'like', 'second', 'congratulation', 'outstanding', 'accomplishment', 'china']",2021-05-19,563.46,575.0,2.05%
32,"['teslagong', 'wintonark', 'ideally', '0', '1kwh', 'calculated', 'total', 'energy', 'use', 'system', 'divide', 'max', 'transaction', 'rate', 'blkmdl3', 'teslagong', 'wintonark', 'yes', 'spacex', 'rocket', 'thruster', 'option', 'package', 'it', 'safe', 'intense', 'probably', 'wise', 'medical', 'condition', 'hardcore', 'roller', 'coaster', 'teslagong', 'wintonark', 'bitcoin', 'hash', 'aka', 'mining', 'energy', 'usage', 'start', 'exceed', 'medium', 'size', 'country', 'almost', 'impossible', 'small', 'hashers', 'succeed', 'without', 'massive', 'economy', 'scale', 'wintonark', 'i', 'agree', 'do', 'time', 'recent', 'extreme', 'energy', 'usage', 'growth', 'could', 'possibly', 'do', 'fast', 'renewables', 'this', 'question', 'easily', 'resolve', 'top', '10', 'hash', 'orgs', 'post', 'audit', 'number', 'renewable', 'energy', 'v', 'teslaownersebay', 'austinteslaclub', 'kristennetten', 'tesla', 'teslachillmode', 'codingmark', 'evafoxu', 'rationaletienne', '28delayslater', 'wholemarsblog', 'heydave7', 'yeah', 'i', 'amp', 'sell', 'doge', 'heydave7', 'a', 'longtime', 'tesla', 'supporter', 'give', 'doge', 'dollar', 'sticker', 'giga', 'berlin', 'flcnhvy', 'marcushouse', 'oh', 'sorry', 'yes', 'roadster', 'thruster', 'plaid', 'plaid', 'indeed', 'close', 'theoretical', 'maximum', 'roadworthy', 'car', 'without', 'special', 'device', 'marcushouse', 'it', 'high', 'pressure', 'air', 'rocket', 'thruster', 'behind', 'license', 'plate', 'flip', 'bong', 'james', 'bong', 'austinbarnard45', 'good', 'idea', 'austinbarnard45', 'sure']",2021-05-20,586.78,596.11,1.59%
33,"['iamupshod', 'they', 'tell', 'would', 'appreciate', 'help', 'someone', 'suggest', 'change', 'dogecoin', 'fee', 'base', 'phase', 'moon', 'pretty', 'awesome', 'haha', 'if', 'like', 'help', 'develop', 'doge', 'please', 'submit', 'idea', 'github', 'amp', 'http', 'co', 'liapqmfaqb', 'dogecoin', 'devs', 'speak', 'north', 'american', 'bitcoin', 'miner', 'they', 'commit', 'publish', 'current', 'amp', 'plan', 'renewable', 'usage', 'amp', 'ask', 'miner', 'ww', 'potentially', 'promising']",2021-05-24,606.44,607.31,0.14%
34,"['itsallrisky', 'please', 'note', 'dogecoin', 'formal', 'organization', 'amp', 'one', 'report', 'ability', 'take', 'action', 'limit']",2021-05-25,604.69,607.56,0.47%
35,"['btc', 'archive', 'if', 'spaceship', 'still', 'around', 'deep', 'thots', 'https', 'co', 'j5mjff7iil', 'wholemarsblog', 'not', 'sure', 'write', 'accurate', 'http', 'co', 'grvwxojz56']",2021-05-26,619.13,620.24,0.18%
36,"['model3owners', 'tesla', 'sure', 'would', 'appreciate', 'change', 'law', 'require', 'waitbutwhy', 'poweredbyart', 'exactly']",2021-05-27,630.85,628.5,-0.37%
37,"['dogeofficialceo', 'southpark', 'when', 'i', 'visit', 'japan', 'later', 'year', 'southpark', 'baby', 'shark', 'crush', 'more', 'view', 'human', 'https', 'co', '48ol3zzhjp', 'coindesk', 'coinbasepro', 'nikhileshde', 'http', 'co', 'nknrxkb0rv']",2021-06-01,623.9,620.13,-0.60%
38,"['engineer', 'fee']",2021-06-03,572.84,579.71,1.20%
39,"['heydave7', 'well', 'say', 'dave', 'cj', 'nfa', 'wholemarsblog', 'wr4nygov', 'teslarati', 'stevenmarkryan', '28delayslater', 'garyblack00', 'gerberkawasaki', 'josephvvallace', 'sawyermerritt', 'teslaconomics', 'the', 'long', 'term', 'strength', 'tesla', 'manufacturing', 'technology']",2021-06-07,605.13,623.01,2.95%
40,"['teslaownerssv', 'exactly', 'dogeofficialceo', 'mattwallace888', 'now', 'i', 'make', 'improvement', 'i', 'pretty', 'sure', 'worth', '69k', 'haha', 'mattwallace888', 'my', 'primary', 'home', 'literally', '50k', 'house', 'boca', 'chica', 'starbase', 'i', 'rent', 'spacex', 'it', 'kinda', 'awesome', 'though', 'only', 'house', 'i', 'event', 'house', 'bay', 'area', 'if', 'i', 'sell', 'house', 'would', 'see', 'less', 'use', 'unless', 'buy', 'big', 'family', 'might', 'happen', 'day', 'leastimalive', 'ppathole', 'yeah', 'sell', 'house', 'except', '1', 'bay', 'area', 'rent', 'event', 'work', 'sustainable', 'energy', 'earth', 'tesla', 'amp', 'protect', 'future', 'consciousness', 'make', 'life', 'multiplanetary', 'spacex', 'also', 'ai', 'risk', 'mitigation', 'neuralink', 'amp', 'fix', 'traffic', 'bore', 'ppathole', 'exactly', 'only', 'time', 'i', 'sell', 'tesla', 'stock', 'stock', 'option', 'expire', 'amp', 'i', 'choice', 'btw', 'i', 'continue', 'pay', 'income', 'tax', 'california', 'proportionate', 'time', 'state', 'amp', 'significant', 'squawksquare', 'fredericlambert', 'not', 'even', 'good', 'fake', 'anonymous', 'the', 'article', 'behind', 'paywall', 'look', 'like', 'anonymous', 'hack', 'skill', 'enough', 'get', 'behind', 'teslarati', 'tesla', 'europe', 'team', 'great']",2021-06-09,598.78,603.88,0.85%
41,"['teslany', 'lvcva', 'people', 'like', 'adamklotz', 'brycespacetech', 'starlink', 'mission', 'move', 'starship', 'brycespacetech', 'useful', 'mass', 'orbit', 'primary', 'figure', 'merit']",2021-06-10,610.12,610.23,0.02%
42,"['gmalca', 'tesla', 'true', 'somewhat', 'overcompensate', 'bluetooth', 'antenna', 'capability', 'haha', 'will', 'work', 'turn', 'near', 'destination']",2021-06-15,599.36,597.54,-0.30%
43,"['let', 'skip', 'original', 'video', 'game', 'amp', 'movie', 'amp', 'go', 'straight', 'sequel', 'nuc', 'geek', 'massive', 'increase', 'supercharger', 'network', 'underway']",2021-06-16,604.87,601.89,-0.49%
44,"['real', 'pic', '2', 'ship', 'next', 'starbase', 'tiki', 'bar', 'right', 'https', 'co', 'e4awzieddq', 'donisiko', 'eroxer310', 'motortrend', 'tesla', 'true', 'eroxer310', 'motortrend', 'tesla', 'steam', 'engine', 'even', 'well', 'erdayastronaut', 'vincent13031925', 'i', 'drive', 'yoke', 'amp', 'great', 'imo', 'progressive', 'steering', 'would', 'require', 'complex', 'gear', 'drive', 'wire', 'without', 'direct', 'mechanical', 'link', 'will', 'aim', 'year', 'xhnews', 'congratulation', 'great', 'achievement', 'teslarati', '13ericralph31', 'nasaspaceflight', 'thejackbeyer', 'we', 'might', 'use', 'sn16', 'hypersonic', 'flight', 'test', 'vincent13031925', 'fair', 'enough']",2021-06-17,616.6,613.37,-0.52%
45,"['wholemarsblog', 'very', 'sorry', 'hear', 'condolence', 'jb', 'family', 'ashleevance', 'tesla', 'financing', 'round', 'close', '6pm', 'dec', '24th', '2008', 'last', 'hour', 'last', 'day', 'possible', 'payroll', 'would', 'bounce', '2', 'day', 'later', 'i', 'give', 'tesla', 'last', 'remaining', 'cash', 'paypal', 'didn', 'even', 'house', 'anything', 'sellable', 'look', 'hold', 'tesla', 'ai', 'day', 'month', 'will', 'go', 'progress', 'tesla', 'ai', 'software', 'amp', 'hardware', 'train', 'amp', 'inference', 'purpose', 'recruit', 'karpathy', 'physical', 'world', 'sigh', 'karpathy', 'in', 'general', 'anyone', 'interested', 'work', 'physical', 'word', 'ai', 'problem', 'consider', 'join', 'tesla', 'fast', 'path', 'deploy', 'idea', 'irl']",2021-06-21,620.83,618.25,-0.42%
46,"['torybruno', 'good', 'chart', 'this', 'major', 'reason', 'move', 'starlink', '1100km', 'orbit', '550km', 'atmosphere', 'automatically', 'clear', 'low', 'altitude', 'within', 'year', 'space', 'junk', 'can', 'not', 'accumulate']",2021-06-23,656.57,674.99,2.81%
47,"['thanks', 'happy', 'birthday', 'wish']",2021-06-28,688.72,684.65,-0.59%
48,"['torybruno', 'dynetics', 'should', 'i', 'bring', 'spare', 'engine', 'i', 'mean', 'case', 'torybruno', 'dynetics', 'sure', 'passionflix', 'toscamusk', 'i', 'like', 'movie', 'hollywood', 'dirt', 'nextspaceflight', 'there', 'internal', 'goal', 'thing', 'go', 'right', 'need', 'aggressive', 'obviously', 'thing', 'go', 'right', 'internally', 'amp', 'external', 'issue', 'that', 'say', 'i', 'think', 'stack', 'orbital', 'ship', 'orbital', 'booster', 'july', 'torybruno', 'dynetics', 'when', 'engine', 'arrive', 'spacex', 'unfortunately', 'launch', 'call', 'today', 'aircraft', 'enter', 'keep', 'zone', 'unreasonably', 'gigantic', 'there', 'simply', 'way', 'humanity', 'become', 'spacefaring', 'civilization', 'without', 'major', 'regulatory', 'reform', 'the', 'current', 'regulatory', 'system', 'broken', 'spacex', 'sonic', 'boom', 'incoming', 'https', 'co', 'jwaya0j5xx', 'iihs', 'autosafety', 'top', 'safety', 'pick', 'iihs', 'that', 'high', 'overall', 'rating', 'think', 'get', 'max', 'score', 'subcategories', 'individual', 'test', 'retesting', 'month', 'improve', 'software', 'the', 'improve', 'software', 'uploaded', 'car', 'fsd', 'computer']",2021-06-29,680.76,679.77,-0.15%
49,"['wholemarsblog', 'yeah', 'thesheetztweetz', 'work', 'need', 'flight', 'less', 'amp', 'less', 'show', 'shortening', 'time', 'reflights', 'require', 'work', 'flight', 'starship', 'amp', 'super', 'heavy', 'zero', 'ezebroni', 'wholemarsblog', 'you', 'notice', 'several', 'improvement', 'rapidly', 'reusable', 'rocket', 'r', 'r', 'r', 'erdayastronaut', 'we', 'already', 'do', 'lot', 'iteration', 'ship', 'for', 'rapid', 'reusability', 'booster', 'must', 'return', 'launchpad', 'inert', 'mass', 'impact', 'ascent', 'boostback', 'amp', 'land', 'burn', 'triple', 'whammy', 'also', 'booster', 'flight', 'rate', '5x', 'ship', 'multiple', 'mass', 'cost', '5', 'renatakonkoly', 'erdayastronaut', 'first', 'one', 'fly', 'booster', '4', 'booster', '3', 'use', 'ground', 'test', 'we', 'change', 'much', 'design', '3', '4', 'booster', '3', 'hard', 'build', 'expect', 'especially', 'rapid', 'evolution', 'first', '10', 'booster', 'amp', 'first', '30', 'ship', 'erdayastronaut', 'great', 'shot', 'btw', 'starship', 'super', 'heavy', 'entry', 'burn', 'delta', 'v', 'shift', 'ship', 'booster', 'entry', 'q', 'amp', 'heat', 'low', 'ppathole', 'tesla', 'spacex', 'basic', 'mri', 'easy', 'sound', 'good', 'tbh', 'high', 'resolution', 'mri', 'short', 'time', 'weak', 'magnetic', 'field', 'hard', 'weezilla', 'spacepadreisle', 'actually', 'almost', '80', 'liquid', 'oxygen']",2021-06-30,679.7,683.92,0.62%
50,"['angelndevil2', 'torybruno', 'what', 'well', 'understood', 'ula', 'still', 'monopoly', 'carve', 'u', 'government', 'launch', 'spacex', 'allow', 'compete', 'cost', 'taxpayer', 'twice', 'much', 'per', 'launch', 'this', 'obviously', 'real', 'competition', 'torybruno', 'your', 'company', 'say', 'exact', 'opposite', '2014', 'get', 'sole', 'source', 'uncompeted', '11b', 'dod', 'launch', 'contract', 'https', 'co', 'abd5swhzdt', 'in', 'event', 'expendable', 'rocket', 'relevant', 'future', 'expendable', 'aircraft', 'rapidly', 'reusable', 'rocket', 'matter', 'sciguyspace', 'true', 'thesheetztweetz', 'will', 'look', 'pretty', 'wild', 'ship', 'top', 'super', 'heavy', 'road', 'amp', '7th', 'tower', 'segment', 'add', 'http', 'co', 'sjiha3blhl']",2021-07-01,677.92,678.98,0.16%
51,"['http', 'co', 'tqz9qvcwh1', 'lexfridman', 'douglas', 'adam', 'ftw']",2021-07-06,659.58,664.27,0.71%
52,"['ezebroni', 'tesla', 'expect', 'rapid', 'improvement', 'pure', 'vision', 'tesmanian', 'com', 'nikola', 'tesla', 'bear', 'croatia', 'serbian', 'parent', 'tobyliiiiiiiiii', 'chrisg', 'nsf', 'djsnm', 'yes', 'teslaownersde', 'and', '2060', 'tesla', 'production', 'exceed', 'mass', 'universe', 'chrisg', 'nsf', 'djsnm', 'yeah', 'would', 'cool', 'also', 'use', 'ship', 'structure', 'new', 'giant', 'telescope', 'gt', '10x', 'hubble', 'resolution', 'be', 'talk', 'saul', 'perlmutter', 'awesome', 'amp', 'suggest', 'want', 'supersonic', 'shock', 'wave', 'https', 'co', 'o3bgafumdo', 'djsnm', 'we', 'could', 'stretch', 'falcon', 'heavy', 'upper', 'stage', 'amp', 'increase', 'lot', 'fh', 'already', 'cover', 'known', 'payload', 'starship', 'especially', 'orbital', 'refill', 'amp', 'dedicate', 'deep', 'space', 'variant', 'heatshield', 'flaps', 'header', 'tank', 'take', 'order', 'magnitude', 'ppathole', 'spacex', 'absolutely', 'staggeringly', 'insane', 'amount', 'work', 'high', 're', 'land', 'falcon', 'land', 'video', 'http', 'co', '8cpuh87jyv', 'jeff', 'foust', 'accurate', 'show', 'falcon', 'heavy', 'address', 'use', 'case', 'weddleandsons', 'tesla', 'work', 'weddle', 'son', 'roof', 'great', 'collaboration', 'accelerate', 'tesla', 'solar', 'roof', 'installation', 'this', 'lot', 'work', 'ten', 'million', 'home', 'need', 'solar', 'roof', 'if', 'roofing', 'company', 'please', 'consider', 'add', 'solar', 'roof', 'offering']",2021-07-07,644.65,628.37,-2.53%
53,"['maybe', 'movie', 'gaslit', 'u', 'listen', 'history', 'english', 'podcast', 'tropic', 'thunder', 'good', 'gas', 'lit', 'gas', 'light', 'whatsupfranks', 'flcnhvy', 'that', 'impression', 'travel', 'another', 'planet', 'amp', 'build', 'self', 'sustain', 'city', 'faint', 'heart', 'consider', 'sad', 'case', 'chad', 'rip', 'http', 'co', 'dhxgi65pkg', 'elonardom', 'wholemarsblog', 'frenchieeap', 'kimpaquette', '28delayslater', 'aidrivr', 'gfilche', 'hyperchangetv', 'teslaownerssv', 'rationaletienne', 'flcnhvy', 'but', 'also', 'https', 'co', 't6r07qvql6', 'flcnhvy', 'this', 'http', 'co', 'kxnyf6rdqs', 'dogeofficialceo', 'newscientist', 'kinda', 'true', 'dogeofficialceo', 'newscientist', 'newscientist', 'cartesian', 'duelist', 'ccanonne', 'haha', 'wholemarsblog', 'i', 'sometimes', 'optimistic', 'schedule', 'newscientist', 'this', 'sound', 'like', 'potential', 'go', 'wrong', 'amp', 'i', 'refer', 'reuse', 'code', 'erdayastronaut', 'true']",2021-07-08,652.81,653.18,0.06%
54,"['owensparks', 'jeremyjudkins', 'haha', 'buzz', 'corp', 'make', 'buzzword', 'ercxspace', 'kimpaquette', 'interest', 'idea', 'kimpaquette', 'not', 'yet', 'it', 'need', 'full', 'self', 'drive', 'cleantechnica', 'opp', 'http', 'co', 'muzdxkduxz', 'jeremyjudkins', 'corporate', 'speak', 'human', 'ambien', 'greg16676935420', 'it', 'true', 'x', 'toddler', 'hodler', 'never', 'say', 'sell', 'antoniogm', 'flcnhvy', 'exactly']",2021-07-12,685.7,686.32,0.09%
55,"['younietyler', 'astro', 'g', 'dogg', 'booster', 'half', 'cost', 'mission', 'fair', '10', 'bluewalletio', 'any', 'money', 'transmitter', 'license', 'need', 'use', 'usa', 'astro', 'g', 'dogg', 'take', 'work', 'make', 'f9', 'booster', 'reuse', 'cost', 'effective', 'go', 'recover', 'first', 'place', 'this', 'important', 'point', 'thing', 'finally', 'click', 'place', 'block', '5', 'my', 'hat', 'everyone', 'spacex', 'nasa', 'space', 'force', 'faa', 'amp', 'supplier', 'help', 'make', 'happen', 'kale6360gmail', 'i', 'actually', '3000', 'year', 'old', 'risk', 'immodest', 'i', 'think', 'i', 'look', 'good', 'even', '2500', 'year', 'still', 'original', 'chariot', 'license', 'papyrus']",2021-07-13,668.54,670.75,0.33%
56,"['review', 'model', 's', 'plaid', 'dan', 'neil', 'http', 'co', 'jy45vn8jnn', 'flcnhvy', 'yeah', 'some', 'light', 'read', 'lil', 'x', 'http', 'co', 'mhj4gtypdo', 'samtwits', 'teslaownersebay', 'kristennetten', 'rationaletienne', 'evafoxu', 'johnnacrider1', 'teslachillmode', 'codingmark', 'model3owners', 'wholemarsblog', 'austinteslaclub', 'due', 'lack', 'bang', 'civilization', 'might', 'end', 'whimper', 'adult', 'diaper', 'sale', 'growth', 'much', 'high', 'baby', 'diaper', 'sale', 'growth', 'https', 'co', 'eyk3njnf6s', 'samtwits', 'teslaownersebay', 'kristennetten', 'rationaletienne', 'evafoxu', 'johnnacrider1', 'teslachillmode', 'codingmark', 'model3owners', 'wholemarsblog', 'austinteslaclub', 'this', 'major', 'problem', 'between', 'civilization', 'end', 'bang', 'whimper', 'trend', 'suggest', 'latter', 'isro', 'congratulation', 'michilumin', 'billym2k', '48', '61', '68', '61', '20', '74', '72', '75', '65', 'doge', 'southern', 'samtwits', 'teslaownersebay', 'kristennetten', 'rationaletienne', 'evafoxu', 'johnnacrider1', 'teslachillmode', 'codingmark', 'model3owners', 'wholemarsblog', 'austinteslaclub', 'next', 'baby', 'girl', 'doge', 'southern', 'samtwits', 'teslaownersebay', 'kristennetten', 'rationaletienne', 'evafoxu', 'johnnacrider1', 'teslachillmode', 'codingmark', 'model3owners', 'wholemarsblog', 'austinteslaclub', 'me', 'teslaownersebay', 'kristennetten', 'rationaletienne', 'evafoxu', 'johnnacrider1', 'teslachillmode', 'codingmark', 'model3owners', 'wholemarsblog', 'austinteslaclub', 'i', 'try', 'set', 'good', 'example', 'population', 'collapse', 'much', 'big', 'problem', 'people', 'realize', 'earth', 'mar', 'great', 'need', 'people', 'see', 'population', 'currently', 'zero', 'human', 'custodians', 'life', 'earth', 'let', 'u', 'bring', 'life', 'mar', 'preachy', 'spice', 'it', 'richard', 'rental', 'house', 'overall', 'great', 'i', 'agree', 'regard', 'cabinet', 'haha', 'this', '3am', 'day', 'flight', 'wasn', 'expect', 'brutal', 'pic', 'post', 'oh', 'well', 'waitbutwhy', 'indeed', 'sigh']",2021-07-14,653.38,658.39,0.77%
57,"['aarons5', 'frenchieeap', 'karpathy', 'yes', 'frenchieeap', 'karpathy', 'fsd', 'beta', '9', 'use', 'pure', 'vision', 'production', 'code', 'highway', 'drive', 'beta', '10', 'hopefully', 'beta', '11', 'definitely', 'use', 'one', 'stack', 'rule', 'city', 'streets', 'highway', 'amp', 'complex', 'park', 'lot', 'erdayastronaut', 'model3owners', 'how', 'wifi', 'camera', 'link', 'blkmdl3', 'model3owners', 'in', 'end', 'kept', 'production', 'design', 'almost', 'exactly', 'show', 'car', 'just', 'small', 'tweak', 'amp', 'make', 'slightly', 'good', 'no', 'door', 'handle', 'car', 'recognize', 'amp', 'open', 'door', 'have', 'four', 'wheel', 'steer', 'amaze', 'nimble', 'handle', 'amp', 'tight', 'turn', 'johnkrausphotos', 'spacex', 'portcanaveral', 'version', '3', 'spacex', 'droneship', 'team', 'great', 'work', 'will', 'epic', 'see', 'deep', 'sea', 'oil', 'rig', 'convert', 'ocean', 'spaceports', 'starship', 'model3owners', 'to', 'frank', 'always', 'chance', 'cybertruck', 'flop', 'unlike', 'anything', 'else', 'i', 'care', 'i', 'love', 'much', 'even', 'others', 'other', 'truck', 'look', 'like', 'copy', 'thing', 'cybertruck', 'look', 'like', 'make', 'alien', 'future', 'teslatino', 'klwtts', 'jpr007', 'taper', 'charge', 'rate', 'simply', 'physical', 'thing', 'happen', 'lithium', 'ion', 'bounce', 'around', 'increasingly', 'full', 'parking', 'lot', 'just', 'like', 'car', 'parking', 'lot', 'take', 'long', 'find', 'spot', 'lot', 'almost', 'full']",2021-07-15,650.6,654.68,0.63%
58,"['jack', 'bitcoinmagazine', 'cathiedwood', 'sure', 'i', 'ton', 'bitcoinmagazine', 'jack', 'cathiedwood', 'during', 'talk', 'sing', 'cover', 'the', 'final', 'countdown', 'europe', 'https', 'co', '7yuxiw8dhd']",2021-07-19,646.22,651.99,0.89%
59,"['aarons5', 'teslatino', 'over', 'time', 'country', 'blueorigin', 'congrats', 'teslatino', 'we', 'create', 'connector', 'standard', 'back', 'amp', 'tesla', 'maker', 'long', 'range', 'electric', 'car', 'it', 'one', 'fairly', 'slim', 'connector', 'low', 'amp', 'high', 'power', 'charge', 'that', 'say', 'make', 'supercharger', 'network', 'open', 'ev', 'later', 'year']",2021-07-20,660.5,659.61,-0.13%
60,"['therationalroot', 'seriously', 'negative', 'nominal', 'interest', 'rate', 'what', 'world', 'come', 'delta', 'v', 'but', 'much', 'important', 'design', 'capable', 'full', 'amp', 'rapid', 'reusability', 'long', 'way', 'go', 'design', 'make', 'actually', 'fully', 'amp', 'rapidly', 'reusable', 'high', 'payload', 'least', 'success', 'one', 'possible', 'outcome', 'haha', 'model3owners', 'dry', 'electrode', 'key', 'piece', 'one', 'many', 'piece', 'puzzle', 'lower', 'cost', 'lithium', 'battery', 'that', 'say', 'require', 'immense', 'amount', 'engineering', 'take', 'maxwell', 'proof', 'concept', 'high', 'quality', 'volume', 'production', 'amp', 'still', 'quite', 'do', 'model3owners', 'ironic', 'indeed', 'i', 'one', 'point', 'go', 'phd', 'stanford', 'high', 'energy', 'density', 'capacitor', 'use', 'electric', 'vehicle', 'but', 'lithium', 'ion', 'cover', 'even', 'advance', 'lithium', 'ion', 'technology', 'possible', 'transition', 'earth', 'sustainable', 'energy']",2021-07-21,655.29,656.44,0.18%
61,"['teslaownerssv', 'alexsvanart', 'neopork85', 'flight', 'test', 'show', 'could', 'make', 'body', 'flap', 'narrower', 'amp', 'light', 'austinteslaclub', 'roschetzkyp', 'tesla', 'teslany', 'teslaownersebay', 'teslaforthe', 'win', 'jchybow', '1stmarscolonist', 'evafoxu', 'heydave7', 'gailalfa1', 'also', 'last', 'much', 'long', 'normal', 'roof', 'amp', 'able', 'withstand', 'hail', 'amp', 'medium', 'size', 'impact']",2021-07-22,649.26,646.36,-0.45%
62,"['gfilche', 'ship', 'probably', 'fine', 'iron', 'cell', 'aircraft', 'need', 'high', 'energy', 'density', 'good', 'range', 'i', 'say', 'tesla', 'aircraft', 'hand', 'full', 'car', 'amp', 'solar', 'battery', 'power', 'generation', 'max', 'energy', 'density', 'need', 'aircraft', 'djsnm', 'indeed']",2021-07-26,657.62,663.4,0.88%
63,"['troyrubert', 'samtwits', 'engineer', 'fee', 'i', 'already', 'chew', 'much', 'glass', 'i', 'chipmunk', 'cheek', 'samtwits', 'engineer', 'fee', 'i', 'die', 'supersonic', 'vtol', 'electric', 'jet', 'but', 'i', 'already', 'way', 'much', 'plate', 'any', 'work', 'brain', 'explode', 'dimazeniuk', 'truth', 'tesla', 'that', 'low', 'bar', 'carmaker', 'never', 'value', 'software', 'engineering', 'highly', 'although', 'vw', 'try', 'change', 'i', 'personally', 'write', 'software', '20', 'year', 'amp', 'huge', 'respect', 'software', 'engineer', 'tesla', 'par', 'best', 'software', 'company', 'amp', 'leader', 'real', 'world', 'ai', 'truth', 'tesla', 'tesla', 'software', 'team', 'excellent', 'even', 'compare', 'best', 'software', 'company', 'this', 'big', 'deal', 'car', 'much', 'computer', 'wheel']",2021-07-27,644.78,647.0,0.34%
64,"['sawyermerritt', 'at', 'point', 'count', 'atom', 'amp', 'dispense', 'nm', 'heydave7', 'we', 'many', 'bitcoin', 'close', 'nicansuini', 'watcherstank', 'labpadre', 'congrats', 'spacex', 'tower', 'team', 'amp', 'support', 'contractor', 'djsnm', 'orbital', 'precession', 'take', 'long', 'time', 'with', 'starship', 'amp', 'starlink', 'v2', '0', 'hopefully', 'direct', 'inject', 'target', 'orbit']",2021-07-28,646.98,649.79,0.43%
65,"['rationaletienne', 'thesheetztweetz', 'brycespacetech', 'spacex', 'roscosmos', 'arianespace', 'arianegroup', 'northropgrumman', 'rocketlab', 'ulalaunch', 'virginorbit', 'torybruno', 'mass', 'orbit', 'fundamental', 'metric', 'make', 'life', 'multiplanetary', 'thesheetztweetz', 'brycespacetech', 'spacex', 'roscosmos', 'arianespace', 'arianegroup', 'northropgrumman', 'rocketlab', 'ulalaunch', 'virginorbit', 'torybruno', 'upmass', 'matter', 'one', 'starship', 'lift', 'falcon', 'q2', 'single', 'flight', 'archeohistories', 'wow', 'austinbarnard45', 'indeed', 'giant', 'mosquito', 'around', 'djsnm', 'so', 'many', 'tube', 'erdayastronaut', 'raptor', 'v2', '0', 'major', 'improvement', 'simplication', 'also', 'increase', 'thrust', '185', 'ton', '230', 'ton', 'long', 'term', 'goal', 'engine', 'cost', '1000', 'ton', 'thrust', 'erdayastronaut', 'and', 'primary', 'fuel', 'line', 'the', 'maze', 'secondary', 'plumbing', 'amp', 'wire', 'great', 'concern', 'jaydev', 'chauhan', 'yeah', 'spacex', 'team', 'crank', 'hard', 'fragdemented', 'i', 'mean', 'course', 'complete', 'feed', 'system', '29', 'raptor', 'rocket', 'engine', 'super', 'heavy', 'booster', 'http', 'co', 'uarwx2hytr', 'austinteslaclub', 'tesla', 'futurejurvetson', 'teslaforthe', 'win', 'teslany', 'evafoxu', 'co', 'tesla', 'gf4tesla', 'bentv', 'sh', 'gailalfa1', 'feel', 'long', 'ago', 'ajtourville', 'lexfridman', 'haha', 'true', 'i', 'talk', 'friend', 'electric', 'car', 'constantly', 'college', 'peter', 'j', 'beck', 'congrats', 'rogozin', 'congratulation']",2021-07-29,677.35,671.76,-0.83%
66,"['stem', 'fee', 'that', 'right', 'civilization', 'power', 'small', 'earth', 'solar', 'panel', 'teslarati', 'klenderjoey', 'hard', 'believe', '15', 'year', 'already', 'those', 'goal', 'actually', 'precede', 'creation', 'tesla', 'many', 'year', 'go', 'back', 'probably', '1992', 'i', 'college', 'however', 'time', 'i', 'think', 'chance', 'achieve', 'goal', 'low', 'renatakonkoly', 'jonerlichman', 'i', 'ask', 'reporter', 'i', 'optimistic', 'pessimistic', 'spacex', 'future', 'that', 'answer', 'jonerlichman', '2008', 'extremely', 'tough', 'year', 'every', 'level', 'tesla4k', 'matanmazursky', 'it', 'difficult']",2021-08-02,709.67,719.0,1.31%
67,"['ppathole', 'mar', 'look', 'amazing', 'erdayastronaut', 'ercxspace', 'we', 'steal', 'idea', 'karate', 'kid', 'flcnhvy', 'pitch', 'control', 'require', 'force', 'yaw', 'amp', 'much', 'force', 'roll', 'also', 'grid', 'fin', 'closer', 'wake', 'booster', 'less', 'effective', 'however', 'pretty', 'good', 'aero', 'control', 'technically', 'achieve', '2', 'grid', 'fin', 'effect', 'accuracy', 'teslafruit', 'thank', 'sandy', 'http', 'co', 'nnjhpiehcz', 'super', 'heavy', 'booster', 'move', 'orbital', 'launch', 'mount', 'https', 'co', 'axadnxnm84', 'ercxspace', 'very', 'close', 'real', 'arm', 'able', 'move', 'descent', 'match', 'exact', 'booster', 'position', 'catch', 'point', 'side', 'case', 'catch', 'fails', 'want', 'hit', 'launch', 'mount', 'booster', 'transfer', 'back', 'launch', 'mount', 'next', 'flight', 'design', 'lt', '1', 'hour', 'turnaround']",2021-08-03,709.74,711.0,0.18%
68,"['id', 'aa', 'carmack', 'i', 'great', 'admiration', 'john', 'engineering', 'ability', 'what', 'armadillo', 'incredible', 'i', 'try', 'convince', 'many', 'time', 'join', 'spacex', 'always', 'decline', 'sigh', 'mechazilla', 'future', 'rocket', 'quite', 'ready', 'yet', 'move', 'rocket', 'orbital', 'launch', 'pad', 'http', 'co', 'zzlixipd6m']",2021-08-04,710.92,716.0,0.71%
69,"['chrisdungeon', 'reality', 'total', 'opposite', 'detractor', 'say', 'big', 'challenge', 'recruit', 'enough', 'people', 'build', 'car', 'sf', 'bay', 'area', 'essentially', 'negative', 'unemployment', 'people', 'factory', 'several', 'job', 'offer', 'if', 'treat', 'well', 'would', 'leave', 'immediately', 'techvamp', 'once', 'mechazilla', 'operational', 'wind', 'rarely', 'issue', 'b280c', '2', 'wind', 'high', 'today', 'look', 'like', 'wind', 'speed', 'low', 'enough', 'stack', 'early', 'tomorrow', 'morning', 'nicansuini', 'remain', 'tile', 'way', 'arctechinc', 'potus', 'irony', 'indeed', '28delayslater', 'aim', 'stack', 'ship', 'booster', 'today', 'https', 'co', '67ehwti57v', 'squawkcnbc', 'secretarypete', 'http', 'co', '51brgaaots']",2021-08-05,714.63,711.9,-0.38%
70,"['sciguyspace', 'believe', 'future']",2021-08-09,713.76,713.99,0.03%
71,"['lrocket', 'thesheetztweetz', 'yeah', 'cleantechnica', 'important', 'bear', 'mind', 'production', 'fast', 'slow', 'part', '10', '000', 'unique', 'part', 'car']",2021-08-10,709.99,712.71,0.38%
72,"['teslarati', 'klenderjoey', 'i', 'recommend', 'get', 'first', 'plant', 'work', 'it', 'insanely', 'difficult', 'reach', 'volume', 'production', 'affordable', 'unit', 'cost', 'teslarati', 'residentsponge', 'it', 'gon', 'na', 'awesome', 'erdayastronaut', 'yup']",2021-08-11,707.82,706.34,-0.21%
73,"['jefftutorials', 'the', 'stay', 'power', 'bad', 'idea', 'astonish', 'wapodavenport', 'note', 'refill', 'refuel', '78', 'propellant', 'liquid', 'oxygen', '22', 'fuel']",2021-08-12,722.25,723.71,0.20%
74,"['erdayastronaut', 'caspar', 'stanley', 'no', 'bottom', 'static', 'aero', 'push', 'engine', 'section', 'back', 'counteract', 'starship', 'low', 'center', 'mass', 'reentry', 'cause', 'engine', 'section', 'aim', '60', '70', 'deg', 'angle', 'attack', 'high', 'heat', 'portion', 'flight', 'don', 'want', 'reenter', 'engine', 'blast', 'plasma', 'zone', 'astronomy', 'low', 'center', 'mass', 'bit', 'like', 'ship', 'amp', 'booster', 'reentry', 'gerberkawasaki', 'same', 'adamhoov', 'engineer', 'fee', 'erdayastronaut', 'caspar', 'stanley', 'probably', 'slightly', 'forward', 'small', 'inward', 'no', 'funny', 'look', 'static', 'aero', 'top', 'static', 'aero', 'longer', 'directly', 'flow']",2021-08-18,688.99,678.21,-1.56%
75,"['our', 'license', 'application', 'pending', 'many', 'country', 'hop', 'serve', 'earth', 'soon', 'optimoprincipi', 'ancient', 'doge', 'now', 'serve', '100k', 'terminal', 'ship', 'https', 'co', 'q1vvqvmj2i', 'nine', 'ring', 'mortal', 'men', 'wholemarsblog', 'jimfarley98', 'mrlevine', 'fsd', 'beta', '9', '2', 'actually', 'great', 'imo', 'autopilot', 'ai', 'team', 'rally', 'improve', 'fast', 'possible', 'we', 'try', 'single', 'stack', 'highway', 'amp', 'city', 'street', 'require', 'massive', 'nn', 'retrain', 'the', 'gun', 'august', 'http', 'co', 'm7j2sjvnit', '28delayslater', 'ppathole', 'spacex', 'it', 'basically', 'plot', 'fallout', 'new', 'vega', 'teslagong', 'ppathole', 'spacex', 'there', 'profound', 'difference', 'single', 'planet', 'amp', 'multiplanet', 'specie', 'if', 'able', 'visit', 'star', 'one', 'day', 'may', 'discover', 'many', 'long', 'dead', 'single', 'planet', 'civilization', 'ppathole', 'spacex', 'to', 'extend', 'light', 'consciousness']",2021-08-23,706.3,710.68,0.62%
76,"['spacexmr', 'model3owners', 'nothing', 'perfect', 'haha', '28delayslater', 'it', 'amazing', 'standard', 'aim', '1000', 'safe', 'average', 'human', 'driver', 'rgvaerialphotos', 'spacex', 'can', 'wait', 'new', 'high', 'bay']",2021-08-24,708.49,707.03,-0.21%
77,"['teslatruckclub', 'nice', 'f9block5', 'we', 'beta', '10', 'go', 'week', 'friday', 'point', 'release', 'week', 'it', 'completely', 'retrain', 'nn', 'need', 'another', 'week', 'tune', 'amp', 'bug', 'fix', 'best', 'guess', 'public', 'beta', 'button', '4', 'week', 'https', 'co', 'lwg9ke6cjp']",2021-08-25,711.2,708.31,-0.41%
78,"['sawyermerritt', 'our', 'intent', 'pack', 'product', 'experience', 'roughly', 'equivalent', 'nickel', 'amp', 'iron', 'i', 'personally', 'slightly', 'opt', 'iron', 'pack', 'want', 'charge', '100', 'whereas', 'nickel', 'prefers', '90']",2021-08-26,701.16,705.0,0.55%
79,"['no', 'worry', 'situation', 'control', 'https', 'co', 'eukcgrdbpw', 'sciguyspace', 'true', 'jefftutorials', 'thank', 'bring', 'tesla', 'expedite', 'service', 'center', 'opening', 'have', 'try', 'mobile', 'service', 'come', 'wholemarsblog', 'beta', '10', 'come', 'soon', 'robertiger', 'be', 'watch', 'star', 'war', 'bad', 'batch', 'lil', 'baby', 'x', 'wait', 'season', '2', 'soberalmost', 'sciguyspace', 'stop', 'projecting']",2021-08-30,730.91,733.0,0.29%
80,"['http', 'co', 'yut6ltz2b6', 'tryonset', 'alex', 'avoigt', 'just', 'figure', 'regulatory', 'approval', 'process']",2021-08-31,735.72,734.08,-0.22%
81,"['samtwits', 'archillect', 'archillect', 'kristennetten', 'stianwalgermo', 'tesla', 'arkinvest', 'wholemarsblog', 'alex', 'avoigt', 'teslarati', 'teslapodcast', 'mortenlund89', 'i', 'berlin', 'paint', 'shop', 'talk', 'team', 'last', 'visit', 'it', 'gon', 'na', 'great', 'but', 'bear', 'mind', 'take', 'year', 'new', 'factory', 'reach', 'volume', 'production', 'production', 'super', 'hard', 'work', 'i', 'great', 'respect', 'thesheetztweetz', 'they', 'shake', 'fist', 'sky', 'stianwalgermo', 'tesla', 'arkinvest', 'wholemarsblog', 'alex', 'avoigt', 'teslarati', 'teslapodcast', 'mortenlund89', 'kristennetten', 'norway', 'ftw', 'max9907826460', 'teslaratiteam', 'our', 'new', 'crane', 'aarons5', 'ashleevance', '2021', 'year', 'super', 'crazy', 'supply', 'chain', 'shortage', 'matter', '17', 'new', 'product', 'none', 'would', 'ship', 'assume', '2022', 'mega', 'drama', 'new', 'roadster', 'ship', '2023', 'thesheetztweetz', 'thom', 'astro', 'spacex', 'iss', 'research', 'space', 'station', 'great', 'shot', 'thom', 'astro', 'ashleevance', 'maybe', 'zap', 'head', 'space', 'laser', 'djsnm', 'thesheetztweetz', 'johnkrausphotos', 'lylakohistany', 'technically', 'data', 'packet', 'need', 'touch', 'regular', 'internet', 'data', 'flow', 'user', 'terminal', 'satellite', 'user', 'terminal', 'djsnm', 'thesheetztweetz', 'johnkrausphotos', 'lylakohistany', 'our', 'satellite', 'launch', 'next', 'month', 'inter', 'satellite', 'laser', 'link', 'local', 'downlink', 'need', 'probably', 'active', '4', '6', 'month', 'thesheetztweetz', 'file', 'legal', 'action', 'spacex', 'actually', 'full', 'time', 'job', 'http', 'co', 'xifricq62k', 'sciguyspace', 'he', 'consider', 'spend', 'money', 'actual', 'lunar', 'lander', 'hardware', 'instead', 'shady', 'lobbyist']",2021-09-01,734.09,734.5,0.06%
82,"['leastimalive', 'archillect', 'i', 'fkn', 'tryin', 'teslaaibot', 'effinzach', 'ur', 'welcome', 'pls', 'nice', 'human', 'archillect', 'smoke', 'ham', 'dogecoin', 'devs', 'good', 'progress', 'apply', 'information', 'theory', 'currency', 'information', 'low', 'fee', 'reduce', 'noise', 'amp', 'faster', 'amp', 'consistent', 'sync', 'time', 'improve', 'latency', 'amp', 'jitter', 'effinzach', 'the', 'robot', 'come', 'anyway', 'boston', 'dynamic', 'videos', 'clearly', 'show', 'i', 'able', 'ensure', 'robot', 'make', 'company', 'safe', 'i', 'try', 'best', 'tesla', 'thesheetztweetz', 'squawkstreet', 'in', 'general', 'i', 'believe', 'government', 'rarely', 'impose', 'upon', 'people', 'aspire', 'maximize', 'cumulative', 'happiness', 'that', 'say', 'i', 'would', 'prefer', 'stay', 'politics']",2021-09-02,732.39,732.25,-0.02%
83,"['rogozin', 'thanks', 'what', 'favorite', 'tea', 'saycheesedgtl', 'and', 'work', 'gon', 'na', 'sue', 'death']",2021-09-07,752.92,761.58,1.15%
84,"['ppathole', 'that', 'sum', 'well', 'wholemarsblog']",2021-09-08,753.87,753.41,-0.06%
85,"['blkmdl3', 'track', 'software', 'update', 'probably', 'week', 'away', 'i', 'know', 'i', 'know', 'haha', 'also', 'waypoints', 'amp', 'thing', 'aarons5', 'tesla', 'bandwidth', 'good', 'third', 'party', 'mod', 'shop', 'next', 'modify', 'plaid', 'add', 'aero', 'surface', 'carbon', 'brake', 'amp', 'track', 'tire', 'thing', 'do', 'without', 'tesla', 'loop', 'tesla', 'model', 's', 'plaid', 'set', 'official', 'world', 'speed', 'record', 'production', 'electric', 'car', 'nurburgring', 'completely', 'unmodified', 'directly', 'factory', 'http', 'co', 'aaiftfw5ht', 'burkov', 'maybe', '99', 'dot', 'product']",2021-09-09,754.86,759.6,0.63%
86,"['thesheetztweetz', 'nasakennedy', 'spacex', 'it', 'hard', 'overstate', 'criticality', 'reusable', 'rocket', 'no', 'less', 'important', 'reusable', 'aircraft', 'car', 'bicycle', 'essential', 'humanity', 'become', 'multiplanet', 'specie', 'amp', 'backup', 'biosphere']",2021-09-14,744.49,745.0,0.07%
87,"['pcgamer', 'rip', 'sir', 'sinclair', 'i', 'love', 'computer', 'just', 'speak', 'inspiration4x', 'crew', 'all', 'well', 'lexfridman', 'spacex', 'mission', 'like', 'inspiration4', 'help', 'advance', 'spaceflight', 'enable', 'ultimately', 'anyone', 'go', 'orbit', 'amp', 'beyond', 'jack', 'that', 'safe', 'word', 'teslaownerssv', 'maneuverability', 'important', 'safety', 'richardbranson', 'spacex', 'inspiration4x', 'thanks', 'richard', 'jeffbezos', 'spacex', 'thank']",2021-09-16,756.99,757.15,0.02%
88,"['ray4tesla', 'tesla', 'yet', 'decide', 'fourth', 'gigafactory', 'location']",2021-09-20,730.17,734.79,0.63%
89,"['electricraph', '28delayslater', 'kounistou', 'good', 'point', 'could', 'enable', 'visualization', 'control', 'will', 'enable', 'option', 'hopefully', 'next', 'month', '28delayslater', 'kounistou', '10', '1', 'solve', 'last', 'cone', 'issue']",2021-09-21,739.38,743.53,0.56%
90,"['thesheetztweetz', 'so', 'pointy', 'http', 'co', 'xmrqkpmy0t', 'billym2k', 'super', 'important', 'doge', 'fee', 'drop', 'make', 'thing', 'like', 'buy', 'movie', 'tix', 'viable', 'evafoxu', 'chesternobs', 'truth', 'tesla', 'giga', 'berlin', 'help', 'lot', 'sueorigin', 'sciguyspace', 'that', 'would', 'break', 'nasa', 'budget', 'ppathole', 'simongerman600', 'waitbutwhy', 'seppalavilleen', 'ai', 'use', '1', 'last', 'year', 'https', 'co', 'ksuahebllg', 'simongerman600', 'waitbutwhy', 'seppalavilleen', 'birth', 'rate', 'collapse', 'big', 'threat', 'human', 'civilization', 'wapodavenport', 'we', 'always', 'flight', 'readiness', 'review', 'this', 'argument', 'make', 'sense', 'evafoxu', 'chesternobs', 'truth', 'tesla', 'logistics', 'underrated', 'evafoxu', 'chesternobs', 'truth', 'tesla', 'exactly', 'giga', 'shanghai', 'make', 'car', 'export', 'first', 'half', 'quarter', 'car', 'far', 'away', 'part', 'china', 'car', 'nearby', 'part', 'china', 'net', 'result', 'crazy', 'wave', 'delivery', 'end', 'quarter', 'it', 'tough', 'team', 'hop', 'reduce', 'wave', 'q4', 'amp', 'q1']",2021-09-22,751.94,755.0,0.41%
91,"['erdayastronaut', 'labpadre', 'if', 'tile', 'super', 'thin', 'get', 'hot', 'plasma', 'waterfalling', 'edge', 'tile', 'create', 'hotspot', 'that', 'say', 'i', 'entirely', 'convince', 'do', 'several', 'overlap', 'scale', 'metal', 'sheet', 'insulator', 'scale', 'armor', 'amp', 'primary', 'structure', 'labpadre', 'head', 'tank', 'vent', 'knock', 'tile', 'scott', 'peak', 'cybertruck', 'option', 'package', 'scott', 'peak', 'of', 'course', 'teslarati', 'klenderjoey', 'isi']",2021-09-27,791.36,787.2,-0.53%
92,"['newfolderf', 'dogeofficialceo', 'billym2k', 'billym2k', 'hamster', 'mad', 'skillz', 'slashdot', 'this', 'serious', 'concern']",2021-09-28,777.56,779.8,0.29%
93,"['pcgamer', 'amd', 'great', 'work', 'gfilche', 'freshjiva', 'no', 'guarantee', 'i', 'think', 'this', 'big', 'part', 'i', 'mean', 'tesla', 'long', 'term', 'competitive', 'advantage', 'manufacture', 'technology', 'sciguyspace', 'verge', 'thesheetztweetz', 'spacex', 'sue', 'allow', 'compete', 'bo', 'sue', 'stop', 'competition', 'spacedotcom', 'maxwell', 'incredible', 'mortenlund89', 'really']",2021-09-29,781.31,781.0,-0.04%
94,"['astro', 'kimbrough', 'spacex', 'hello', 'space', 'station', 'great', 'pic', 'that', 'wave']",2021-09-30,775.48,778.4,0.38%
95,"['teslarati', 'klenderjoey', 'this', 'extremely', 'difficult', 'huge', 'prop', 'tesla', 'engineering', 'supply', 'chain', 'production', 'amp', 'key', 'supplier']",2021-10-04,781.53,784.8,0.42%
96,"['f', 'nela1', 'teslarati', 'cleantechnica', 'tesla', 'always', 'pay', 'debt']",2021-10-05,780.59,776.2,-0.56%
97,"['peterdiamandis', 'i', 'die', 'supersonic', 'electric', 'votl', 'jet', 'add', 'work', 'make']",2021-10-07,793.61,796.21,0.33%
98,"['teslarati', 'writer', '01001101', 'all', 'stairwell', 'currently', 'show', 'wood', 'clad', 'actually', 'graffiti', 'nasaspaceflight', 'starship', 'hard', 'problem', 'lexfridman', 'not', 'mention', 'warm', 'latency']",2021-10-11,791.94,800.93,1.14%
99,"['univercurious', 'techinsider', 'laser', 'jefftutorials', 'manic', 'marge', 'tesla', 'maybe', 'next', 'week', 'we', 'like', 'get', '10', '3', 'expand', 'beta', 'manic', 'marge', 'tesla', 'always', 'teslaownerssv', 'jonerlichman', 'coffeetabletsla', 'alex', 'avoigt', 'agree', 'try', 'get', 'approval', 'need', 'offer', 'insurance', 'extremely', 'difficult', 'come', 'teslaownerssv', 'production', 'supply', 'chain', 'amp', 'logistics', 'hard']",2021-10-12,805.72,810.47,0.59%
100,"['astrodebora', 'archillect', 'pretty', 'much', 'archillect', 'fan', 'art', 'best', 'ppathole', 'lasik', 'improve', 'many', 'people', 'life', 'nichegamer', 'great', 'game', 'teslarati', 'residentsponge', 'haha']",2021-10-14,818.32,823.74,0.66%
101,"['http', 'co', 'g5ulisewxs']",2021-10-18,870.11,877.53,0.85%
102,"['wr4nygov', 'potus', 'odd', 'adamhoov', 'they', 'require', 'law', 'design', 'easy', 'remove', 'owner', 'spacexmr', 'engineer', 'fee']",2021-10-19,864.27,865.35,0.12%
103,"['ppathole', 'thesheetztweetz', 'well', 'optimized', 'starship', 'would', '250', 'ton', 'orbit', 'expendable', 'amp', '150', 'ton', 'fully', 'reusable', 'jhong', 'sama', 'nod', 'wintonark', 'the', 'day', 'fsd', 'go', 'wide', 'release', 'one', 'big', 'asset', 'value', 'increase', 'history', 'thesheetztweetz', 'full', 'amp', 'rapid', 'reusability', 'holy', 'grail', 'orbital', 'rocketry', 'justindross', 'most', 'big', 'company', 'tech', 'turned', 'place', 'talent', 'go', 'die']",2021-10-20,865.8,856.0,-1.13%
104,"['teslany', 'boringcompany', 'tesla', 'maddiewhitetv', 'this', 'cool', 'boringcompany', 'beat', 'teslarati', 'residentsponge', 'we']",2021-10-21,894.0,895.5,0.17%
105,"['teslarati', 'klenderjoey', 'i', 'like', 'express', 'appreciation', 'tesla', 'autopilot', 'engineering', 'amp', 'qa', 'work', 'round', 'clock', 'weekend', 'resolve', 'problem', 'teslarati', 'klenderjoey', 'sorry', 'tesla', 'beta', 'user', 'trouble', 'issue', 'turn', 'power', 'save', 'mode', 'interact', 'fsd', 'our', 'internal', 'qa', 'fleet', 'see', 'car', 'constantly', 'use', 'rarely', 'enter', 'power', 'save', 'mode', 'internal', 'qa', 'obv', 'test', 'case', 'go', 'forward', 'gerberkawasaki', 'strange', 'move', 'valuation', 'tesla', 'much', 'production', 'ramp', 'problem', 'demand', 'problem', 'wild', 't1mes', 'coach23life', 'sawyermerritt', 'indeed', 'intend', 'useful', 'advice', 'base', 'extremely', 'painful', 'experience', 'attack', 'way', 'sawyermerritt', 'prototypes', 'trivial', 'compare', 'scale', 'production', 'amp', 'supply', 'chain', 'if', 'solve', 'achieve', 'positive', 'gross', 'margin', 'next', 'nightmare', 'start', 'second', 'new', 'vehicle', 'line', 'first', 'work', 'divide', 'resource', 'amp', 'amplify', 'probability', 'failure', 'kimpaquette', 'hertz', 'tombrady', 'that', 'feature', 'come']",2021-10-25,1024.86,1024.69,-0.02%
106,"['thebabylonbee', 'i', 'feel', 'like', 'happen', 'tesla', 'time', 'morningbrew', 'i', 'kinda', 'like', 'avocado', 'toast', 'amp', 'pro', 'level', 'coffee', 'tbh', 'starbase', 'cuisine', 'amaze', 'job']",2021-10-26,1018.43,1039.66,2.08%
107,"['wapodavenport', 'u', 'federal', 'debt', 'gdp', '56', '2000', '126', 'amp', 'climb', 'fast', 'dogeofficialceo', 'wapodavenport', 'wapodavenport', 'u', 'national', 'debt', '28', '900', 'billion', '229k', 'per', 'taxpayer', 'even', 'tax', 'billionaire', '100', 'would', 'make', 'small', 'dent', 'number', 'obviously', 'rest', 'must', 'come', 'general', 'public', 'this', 'basic', 'math', 'spending', 'real', 'problem', 'http', 'co', '1ewwyqdvst', 'tesla', 'raj', 'tesla', 'raj', 'you', 'also', 'talk', 'car', 'speaker', 'great', 'practical', 'joke', 'jgrano305', 'wholemarsblog', 'tentative', 'plan', '98', 'amp', 'start', 'upload', 'friday', 'afternoon', 'next', 'week', 'if', 'see', 'concern', 'uploads', 'pause', 'investigate', 'might', 'take', 'day', 'everyone', '98', 'safety', 'get', 'beta', '10', '4', '10', '4', 'improves', 'leave', 'turn', 'across', 'fast', 'traffic', 'amp', 'stop', 'gate', 'wholemarsblog', 'fsd', 'ai', 'team', 'great', 'work', 'will', 'get', 'superhuman', 'good', 'upcoming', 'release', 'note', 'slow', 'upload', 'rate', 'release', 'go', 'forward', 'first', 'qa', 'fleet', 'employee', 'car', 'day', 'slowly', 'release', '1000', 'car', 'hr', 'external', 'beta', 'friday', 'aft', 'pinkocat1', 'wr4nygov', 'rbreich', 'potus', 'jayinshanghai', 'that', 'math', 'incorrect', 'still', 'lot', 'device', 'per', 'second', 'i', 'guess', 'tesla', 'reach', '20m', 'car', 'year', 'would', 'one', 'every', '1', '5', 'second', 'wapodavenport', 'accord', 'estimate', 'tax', 'cover', '10', '3', '5', 'trillion', 'spending', 'bill', 'where', '90', 'come', 'the', 'answer', 'billym2k', 'if', 'i', 'send', '2', 'doge', 'promise', 'send', '1', 'doge']",2021-10-27,1037.86,1068.31,2.93%
108,"['cnunezimages', 'spacex', 'spaceintellige3', 'gateway', 'mar', 'billym2k', 'teslaownerssv', 'teslarati', 'residentsponge', 'tesla', 'always', 'pay', 'debt', 'rainmaker1973', 'cover', 'story', 'godzilla', 'obv', 'thebabylonbee', 'tax', 'expert', 'say', 'sure', 'claim', 'unrealized', 'donation', 'legal', 'admit', 'confusing', 'government', 'print', 'fake', 'money', 'tax', 'nonexistent', 'profit', 'nothing', 'real', 'anymore']",2021-10-28,1077.04,1081.86,0.45%
109,"['hardcorehistory', 'almost', 'finish', 'j', 'nger', 'storm', 'steel', 'intense', 'great', 'book', 'shiraeis', 'billym2k', 'it', 'simulations', 'way', 'eventually', '1', 'bit', 'billym2k', 'everything', 'internet', 'true', 'externalize', 'responsibility', 'if', 'able', 'buy', 'crypto', 'ppathole', 'spacex', 'absolutely', 'flcnhvy', 'adamhoov', 'forbes', 'he', 'talk', 'like', 'npc', 'limited', 'dialogue', 'tree', 'dogeofficialceo', 'forbes', 'adamhoov', 'forbes', 'srsly', 'forbes', 'he', 'look', 'good', 'even', '200', 'year', 'old', 'renatakonkoly', 'forbes', 'both', 'factory', 'fail', 'amp', 'shut', 'long', 'ago', 'strange', 'thing', 'brag', 'forbes', 'literally', 'tell', 'real', 'deep', 'fake']",2021-11-01,1208.59,1159.36,-4.07%
110,"['teslaownerssv', 'billym2k', 'how', 'lil', 'doge', 'floki', 'he', 'would', 'make', 'great', 'ceo', 'his', 'judgment', 'tesmanian', 'com', 'what', 'right', 'tesmanian', 'com', 'sigh', 'billym2k', 'me']",2021-11-02,1172.0,1177.33,0.45%
111,"['gerberkawasaki', 'not', 'yet', 'they', 'post', 'transaction', 'ledger', 'must', 'somewhere', 'and', 'mar', 'https', 'co', 'gelbxjalsw', 'robxlynx', 'haha', 'true', 'billym2k', 'so', 'tunnels']",2021-11-03,1213.86,1234.41,1.69%
112,"['realskywatcher', 'thesheetztweetz', 'drelidavid', 'seem', 'way', 'publish', 'transaction', 'ledger', 'would', 'clarify', 'matter', 'jon4lakers', 'tesla', 'we', 'post', 'finer', 'grain', 'detail', 'software', 'improvement', 'go', 'forward', 'koolio', 'jon4lakers', 'tesla', 'exactly', 'improve', 'memory', 'cause', 'prediction', 'converge', 'amp', 'reduce', 'jitter', 'billym2k', 'hype', 'hype', 'teslarati', 'writer', '01001101', 'in', 'future', 'tesla', 'use', 'automatically', 'sync', 'preference']",2021-11-04,1229.91,1228.0,-0.16%
113,"['skorusark', 'really', 'come', 'iron', 'cathode', 'medium', 'range', 'vehicle', 'amp', 'stationary', 'storage', 'v', 'nickel', 'cathode', 'long', 'range', 'vehicle', 'mishaboar', 'important', 'erdayastronaut', 'thesheetztweetz', 'brycespacetech', 'spacex', 'arianespace', 'arianegroup', 'roscosmos', 'northropgrumman', 'ulalaunch', 'torybruno', 'isro', 'rocketlab', 'the', 'starship', 'fleet', 'design', 'achieve', '1000', 'time', 'payload', 'orbit', 'rocket', 'earth', 'combine', 'almost', 'one', 'understands', 'erdayastronaut', 'thesheetztweetz', 'brycespacetech', 'spacex', 'arianespace', 'arianegroup', 'roscosmos', 'northropgrumman', 'ulalaunch', 'torybruno', 'isro', 'rocketlab', 'true', 'thesheetztweetz', 'brycespacetech', 'spacex', 'arianespace', 'arianegroup', 'roscosmos', 'northropgrumman', 'ulalaunch', 'torybruno', 'isro', 'rocketlab', 'actually', '41', 'ton', 'spacex', 'q3', 'amp', 'aim', '80', 'ton', 'q4', 'that', 'say', 'china', 'launch', 'mass', 'orbit', 'extremely', 'impressive', 'brianferoldi', 'joerogan', 'https', 'co', '6hwai2yiy0']",2021-11-08,1162.94,1173.6,0.92%
114,"['sawyermerritt', 'new', 'uaw', 'slogan', 'fight', 'right', 'steal', 'money', 'worker', 'rainmaker1973', 'rainmaker1973', 'interestingly', 'however', 'average', 'power', 'density', 'sun', 'comparable', 'compost', 'heap', 'human', 'power', 'dense', 'sun', 'big', 'sawyermerritt', 'there', 'many', 'good', 'cause', 'main', 'reason', 'accumulate', 'capital', 'the', 'resource', 'i', 'consume', 'personally', 'low', 'tenjin37151', 'space', 'station', 'spacex', 'commercial', 'crew', 'nasa', 'esa', 'jaxa', 'en', 'astro', 'kimbrough', 'astro', 'megan', 'thom', 'astro', 'aki', 'hoshide', 'a', 'describe', 'the', 'moon', 'harsh', 'mistress', 'great', 'book', 'linear', 'accelerator', 'would', 'great', 'moon', 'earth', 'gravity', 'high', 'amp', 'atmosphere', 'dense', 'accelerator', 'good', 'solution', 'v', 'reusable', 'booster', 'imo', 'space', 'station', 'spacex', 'commercial', 'crew', 'nasa', 'esa', 'jaxa', 'en', 'astro', 'kimbrough', 'astro', 'megan', 'thom', 'astro', 'aki', 'hoshide', 'still', 'blow', 'mind', 'real']",2021-11-10,1067.95,1102.77,3.26%
115,"['samtwits', 'i', 'hope', 'able', 'achieve', 'high', 'production', 'amp', 'breakeven', 'cash', 'flow', 'that', 'true', 'test', 'there', 'hundred', 'automotive', 'startup', 'electric', 'amp', 'combustion', 'tesla', 'american', 'carmaker', 'reach', 'high', 'volume', 'production', 'amp', 'positive', 'cash', 'flow', 'past', '100', 'year']",2021-11-11,1063.51,1047.5,-1.51%
116,"['business', 'burry', 'broken', 'clock', 'wapodavenport', 'the', 'hard', 'work', 'faa', 'u', 'fish', 'amp', 'wildlife', 'texas', 'park', 'amp', 'wildlife', 'much', 'appreciate', 'well', 'strong', 'local', 'support', 'cameron', 'county', 'brownsville', 'south', 'padre', 'billym2k', 'normal', 'money', 'actually', 'bunch', 'ancient', 'mainframe', 'run', 'cobol', 'batch', 'mode', 'govt', 'edit', 'money', 'database', 'whenever', 'want', 'paul49787221', 'mooroobee', 'itsallrisky', 'sensanders', 'exactly', 'ppathole', 'teslaownerssv', 'kristennetten', 'itsallrisky', 'sensanders', 'yes', 'major', 'source', 'dilution', 'all', 'employee', 'receive', 'stock', 'year', 'tesla', '100', '000', 'employee', 'worldwide', 'myalteredego', 'kedarus', 'collegechef1', 'joeytparker', 'sensanders', 'that', 'loophole', 'seem', 'questionable', 'teslaownerssv', 'kristennetten', 'itsallrisky', 'sensanders', 'i', 'majority', 'control', 'first', '5', 'year', 'tesla', 'car', 'company', 'need', 'lots', 'capital', 'i', 'around', '20', 'despite', 'put', 'much', 'i', 'could', 'along', 'way', 'itsallrisky', 'sensanders', 'agree', 'tax', 'best', 'apply', 'especially', 'extravagant', 'consumption', 'whereas', 'capital', 'allocation', 'tax', 'reduce', 'good', 'amp', 'service', 'output', 'actually', 'bad', 'people', 'probable', 'capital', 'allocation', 'skill', 'heirs', 'low', 'original', 'creator', 'i', 'favor', 'estate', 'tax', 'dogeofficialceo', 'daelmor', 'sensanders', 'regretamine', 'like', '100', 'tax', 'regret', 'daelmor', 'sensanders', 'his', 'stance', 'ketamine', 'bold', 'https', 'co', 'th6arpkmv7', 'daelmor', 'sensanders', 'how', 'know', 'kidnap', 'alien', 'sensanders', 'ok', 'much', 'think', 'fair', 'do', '53', 'seem', 'reasonable']",2021-11-15,1013.39,1003.31,-0.99%
117,"['billym2k', 'heydave7', 'indeed', 'over', 'time', 'tesla', 'generate', 'hundred', 'billion', 'government', 'term', 'employee', 'income', 'tax', 'product', 'sale', 'tax', 'property', 'tax', 'addition', 'profit', 'taxation', 'heydave7', 'accurate', 'thread']",2021-11-16,1054.73,1063.51,0.83%
118,"['flcnhvy', 'accept', 'bad', 'case', 'outcome', 'amp', 'assign', 'probability', 'usually', 'low', 'now', 'think', 'good', 'thing', 'life', 'amp', 'assign', 'probability', 'many', 'certain', 'bring', 'anxiety', 'fear', 'conscious', 'mind', 'sap', 'limbic', 'emotional', 'strength', 'cheery', 'fatalism', 'effective']",2021-11-17,1089.01,1106.55,1.61%
119,"['emtsla', 'nasaspaceflight', 'yes', 'nasaspaceflight', 'true', 'renatakonkoly', 'wr4nygov', 'it', 'great', 'change', 'tune', 'day', 'truth', 'gm', 'try', 'damn', 'hard', 'kill', 'electric', 'car', 'if', 'competitive', 'pressure', 'tesla', 'would', 'nothing', 'https', 'co', 'baa6mxvbrz', 'renatakonkoly', 'wr4nygov', 'exactly', 'kimpaquette', 'mayemusk', 'indeed', 'mayemusk', 'sigh', 'http', 'co', 'jvpi9zvzsc', 'kimbleredshaw1', 'propublica', 'bottom', 'leave', 'spacexmr', 'thesimonevans', 'grover', 'gardner', 'rock', 'mterrace', 'investor421', 'wholemarsblog', '28delayslater', 'be', 'real', 'it', 'hard', 'find', 'good', 'source', 'relatively', 'objective', 'news', 'day', 'any', 'suggestion']",2021-11-18,1096.38,1098.87,0.23%
120,"['wholemarsblog', 'true', 'ashleydcan', 'and', 'i', 'talk', 'manager', 'rainmaker1973', 'the', 'sheer', 'physicality', 'change', 'brain', 'sleep', 'serious', 'neurodegenerative', 'disease', 'much', 'high', 'people', 'realize', 'billhuang688', 'teslaownerssv', 'boringcompany', 'we', 'need', 'fallout', 'theme', 'party', 'aim', 'international', 'travel', 'restriction', 'lift', 'mickakers', 'teslaownerssv', 'boringcompany', 'meant', 'say', 'county', 'sigh', 'airport', 'part', 'require', 'additional', 'federal', 'approval', 'cleantechnica', 'transform', 'america', 'teslaownerssv', 'boringcompany', 'it', 'either', 'traffic', 'forever', 'tunnel', 'try', 'first', 'operational', 'tunnel', 'vega', 'convention', 'center', 'the', 'city', 'approve', 'full', 'tunnel', 'network', 'connect', 'major', 'hotel', 'convention', 'center', 'amp', 'airport', 'rainmaker1973', 'interesting', 'eye', 'ercxspace', 'nasaspaceflight', 'spacex', 'long', 'term', 'ship', 'would', 'land', 'tower', 'arm', 'like', 'booster', 'ercxspace', 'nasaspaceflight', 'spacex', 'unlikely', 'early', 'ship', 'splashdown', 'intact', 'get', 'orbit', 'first', 'try', 'would', 'major', 'win', 'billym2k', 'wholemarsblog', 'wholemarsblog', 'serious', 'allegation', 'deserve', 'serious', 'response']",2021-11-22,1156.87,1167.51,0.92%
121,"['thesheetztweetz', 'wholemarsblog', 'exactly', 'sigh', 'cz', 'binance', 'coindesk', 'binance', 'egreechee', 'sound', 'good', 'flcnhvy', 'wholemarsblog', 'it', 'simulate', 'anywhere', 'need', 'focus', 'one', 'region', 'fsd', 'beta', 'expand', 'geographically', 'betas', 'country', 'canada', 'lot', 'different', 'u', 'different', 'enough', 'wholemarsblog', 'high', 'performance', 'code', 'c', 'use', 'compiler', 'maximize', 'frame', 'rate', 'we', 'use', 'python', 'custom', 'library', 'fast', 'prototyping', 'convert', 'c', 'fast', 'execution', 'new', 'software', 'run', 'real', 'world', 'video', 'amp', 'world', 'simulator', 'evaluate', 'performance', 'qa', 'cz', 'binance', 'coindesk', 'binance', 'egreechee', 'i', 'use', 'binance', 'try', 'one', 'point', 'signup', 'many', 'hoop', 'jump', 'inconvenience', 'personally', 'just', 'raise', 'issue', 'behalf', 'doge', 'holder', 'wholemarsblog', 'our', 'nns', 'temporal', 'amp', 'spatial', 'memory', 'surround', 'video', 'auto', 'label', 'back', 'everything', 'knit', 'together', 'c', 'single', 'frame', 'manual', 'labeling', 'still', 'much', 'improve']",2021-11-23,1109.03,1080.39,-2.58%
122,"['just', 'drop', 'friend', 'pool', 'eightbitstories', 'humanity', 'shall', 'return', 'smartass505', 'zains180', 'vikingrocket', 'wholemarsblog', 'oh', 'man', 'year', 'supply', 'chain', 'nightmare', 'amp', 'i', 'provide', 'updated', 'product', 'roadmap', 'next', 'earnings', 'call', 'zains180', 'vikingrocket', 'wholemarsblog', 'cybertruck', 'reach', 'far', 'post', 'apocalyptic', 'future', 'amp', 'bring', 'technology', 'zains180', 'vikingrocket', 'wholemarsblog', 'cybertruck', 'intentionally', 'insane', 'technology', 'bandwagon', 'vikingrocket', 'wholemarsblog', 'variable', 'gain', 'steer', 'wire', 'yoke', 'would', 'ideal', 'wholemarsblog', 'acid', 'test', 'new', 'interface', 'use', '2', 'week', 'amp', 'see', 'still', 'want', 'old', 'version', 'after', 'use', 'yoke', 'week', 'i', 'want', 'wheel', 'wholemarsblog', 'yoke', 'allows', 'unobstructed', 'view', 'screen', 'trungtphan', 'a', 'lot', 'happen', '8', 'year', 'patrickc', 'ashleevance', 'paraga', 'usa', 'benefit', 'greatly', 'indian', 'talent', 'teslarati', 'residentsponge', 'it', 'still', 'intense', 'slightly', 'less', 'past']",2021-11-29,1136.99,1144.37,0.65%
123,"['dayquil', 'nyquil', 'http', 'co', 'aadssrmjyf', 'tesmanian', 'com', 'the', 'magnitude', 'starship', 'program', 'widely', 'appreciate', 'it', 'design', 'extend', 'life', 'mar', 'moon', 'require', '1000', 'time', 'payload', 'orbit', 'current', 'earth', 'rocket', 'combine', 'erdayastronaut', 'yes', 'tesmanian', 'com', 'if', 'severe', 'global', 'recession', 'dry', 'capital', 'availability', 'liquidity', 'spacex', 'lose', 'billion', 'starlink', 'amp', 'starship', 'bankruptcy', 'still', 'unlikely', 'impossible', 'gm', 'amp', 'chrysler', 'go', 'bk', 'last', 'recession', 'only', 'paranoid', 'survive', 'grove', 'micsolana', 'the', 'overarching', 'problem', 'need', 'good', 'mental', 'firewall', 'information', 'constantly', 'come', 'u', 'critical', 'amp', 'first', 'principle', 'think', 'required', 'course', 'middle', 'school', 'who', 'write', 'software', 'run', 'head', 'be', 'sure', 'actually', 'want', 'rubix161', 'thesheetztweetz', 'gerberkawasaki', 'it', 'get', 'fix', 'teslagong', 'gerberkawasaki', 'suit', 'need', 'make', 'high', 'volume', 'affordable', 'cost', 'amp', 'much', 'easy', 'use', 'gerberkawasaki', 'we', 'shift', 'starlink', 'satellite', 'orbit', 'reduce', 'probability', 'collision', 'not', 'great', 'terrible', 'either', 'station', 'amp', 'dragon', 'micrometeorite', 'shield', 'ultra', 'high', 'velocity', 'impact', 'absorption', 'eva', 'suit', 'hence', 'high', 'risk', 'spacewalk']",2021-11-30,1144.76,1160.7,1.39%
124,"['arstechnica', 'sciguyspace', 'starship', 'enable', 'quantum', 'leap', 'deep', 'space', 'amp', 'planetary', 'science', 'billym2k', 'exactly', 'https', 'co', 'ol2hnkngtx']",2021-12-01,1095.0,1099.06,0.37%
125,"['mkbhd', 'yikes', 'law', 'one', 'side', 'poets', 'billym2k']",2021-12-02,1084.6,1084.79,0.02%
